Status,Solve,Objval
OPTIMAL,33.7420699596405,4.315744046565754e9
