Status,Solve,Objval
LOCALLY_SOLVED,36.20470404624939,4.335334187002513e9
