Status,Solve,Objval
OPTIMAL,25.17934513092041,4.256150000500345e9
