Costs,Total,Zone1
cTotal,4.2219933029169054e9,4.2219933029169064e9
cFix,3.5090767058713593e9,3.5090767058713593e9
cVar,7.129165970455397e8,7.12916597045547e8
cNSE,0.0,0.0
cStart,0.0,0.0
cUnmetRsv,0.0,-
cNetworkExp,0.0,-
