Status,Solve,Objval
OPTIMAL,33.13552498817444,4.2576293540950003e9
