Status,Solve,Objval
OPTIMAL,33.283387899398804,4.2107936946534467e9
