Status,Solve,Objval
OPTIMAL,29.27685308456421,4.296225313705892e9
