Status,Solve,Objval
OPTIMAL,39.4551157951355,4.2219933029169054e9
