Status,Solve,Objval
OPTIMAL,25.053223133087158,4.233288923204915e9
