Status,Solve,Objval
OPTIMAL,21.422625064849854,4.2768453009894447e9
