Costs,Total,Zone1
cTotal,4.2107936946534467e9,4.2107936946534367e9
cFix,3.4981994092385817e9,3.4981994092385807e9
cVar,7.125942854149083e8,7.125942854148562e8
cNSE,0.0,0.0
cStart,0.0,0.0
cUnmetRsv,0.0,-
cNetworkExp,0.0,-
