Status,Solve,Objval
LOCALLY_SOLVED,28.30289602279663,4.2446708323327336e9
