Costs,Total,Zone1
cTotal,4.2768453009894447e9,4.276845300989446e9
cFix,3.5654308414832387e9,3.5654308414832397e9
cVar,7.114144595062027e8,7.114144595062065e8
cNSE,0.0,0.0
cStart,0.0,0.0
cUnmetRsv,0.0,-
cNetworkExp,0.0,-
